{
 "programs": {
  "proliferation": {
   "WT_traj": {
    "Rest": 4.882933635067552,
    "Stim8hr": 4.676834845510358,
    "Stim48hr": 5.44320814950022
   },
   "k_on_perhr": 0.0001250625416979418,
   "amp": 0.5602745144326677,
   "arm_effect": {
    "CD28": -0.48024663488007135,
    "CD27": 0.32154295611728223,
    "TNFRSF9": -0.567809829086495,
    "TNFRSF4": -0.3967503564389361,
    "TNFRSF18": -0.642027096068678,
    "TNFRSF25": -0.48655198259293186,
    "TNFRSF14": 0.4255714353831186,
    "TNFRSF8": 0.046467937285157745,
    "ICOS": 0.07473256591834954,
    "CD226": 0.8337301489980495,
    "CD2": -0.1970397962414241,
    "CD40": -0.07931311765832305
   }
  },
  "exhaustion": {
   "WT_traj": {
    "Rest": 1.6644639576770262,
    "Stim8hr": 3.1883828390786313,
    "Stim48hr": 3.420111904423722
   },
   "k_on_perhr": 0.25312805009313055,
   "amp": 1.7556479467466959,
   "arm_effect": {
    "CD28": -0.3959817552058853,
    "CD27": 0.4224996586538716,
    "TNFRSF9": -0.29948864264664676,
    "TNFRSF4": -0.3907276895217109,
    "TNFRSF18": -0.517828233558947,
    "TNFRSF25": -0.33612077798085016,
    "TNFRSF14": 0.30624523409699567,
    "TNFRSF8": 0.1370670132625027,
    "ICOS": 0.5001111735539445,
    "CD226": 0.306811897117814,
    "CD2": -0.2593383330994352,
    "CD40": 0.050421118442976365
   }
  },
  "cyto_IL6": {
   "WT_traj": {
    "Rest": 0.5967692797829148,
    "Stim8hr": 0.5621656480836974,
    "Stim48hr": 0.35459375440509483
   },
   "k_on_perhr": 0.019273127437818033,
   "amp": -0.24217552537782,
   "arm_effect": {
    "CD28": -0.35459375440509483,
    "CD27": -0.35459375440509483,
    "TNFRSF9": 0.00670271533192579,
    "TNFRSF4": -0.2172672183215811,
    "TNFRSF18": -0.09466356169511536,
    "TNFRSF25": 0.13129158583235595,
    "TNFRSF14": 0.14469495785390363,
    "TNFRSF8": -0.1534140153508323,
    "ICOS": -0.0986281159439441,
    "CD226": 0.25635854831148447,
    "CD2": -0.02471158820318753,
    "CD40": -0.26795035683510166
   }
  },
  "cyto_IFNG": {
   "WT_traj": {
    "Rest": 2.987321487269457,
    "Stim8hr": 7.088082343920466,
    "Stim48hr": 5.4108097483285755
   },
   "k_on_perhr": 0.863469409872767,
   "amp": 2.4234882610591186,
   "arm_effect": {
    "CD28": -1.432110303325563,
    "CD27": 0.7261045520292031,
    "TNFRSF9": -0.768952127031393,
    "TNFRSF4": -0.6170042977042156,
    "TNFRSF18": -0.8034936609026895,
    "TNFRSF25": -0.8212690078059772,
    "TNFRSF14": 0.7445823196541301,
    "TNFRSF8": 0.2686494237415564,
    "ICOS": 0.5581591595983193,
    "CD226": 1.0029647985295664,
    "CD2": -1.1311013711798772,
    "CD40": 0.13763377542612876
   }
  },
  "cyto_TNF": {
   "WT_traj": {
    "Rest": 2.650274001436588,
    "Stim8hr": 3.887361751006654,
    "Stim48hr": 2.9665557394140456
   },
   "k_on_perhr": 0.863469409872767,
   "amp": 0.3162817379774574,
   "arm_effect": {
    "CD28": -0.6593755198086315,
    "CD27": 0.006999960015329432,
    "TNFRSF9": -0.24373213659041948,
    "TNFRSF4": -0.26132458508246925,
    "TNFRSF18": -0.5453340254795833,
    "TNFRSF25": -0.2389735696418076,
    "TNFRSF14": 0.2799200879844692,
    "TNFRSF8": 0.05475783442457294,
    "ICOS": 0.2728624628320979,
    "CD226": 0.8956534062322148,
    "CD2": -0.7166303298105485,
    "CD40": -0.0316395418233415
   }
  },
  "cyto_IL2": {
   "WT_traj": {
    "Rest": 1.3580209378222787,
    "Stim8hr": 5.179149844917928,
    "Stim48hr": 2.1840011144766303
   },
   "k_on_perhr": 0.863469409872767,
   "amp": 0.8259801766543515,
   "arm_effect": {
    "CD28": -1.20301064526779,
    "CD27": -0.30961109254747754,
    "TNFRSF9": 0.842774524965034,
    "TNFRSF4": -0.26167470257787917,
    "TNFRSF18": -0.5962374329987896,
    "TNFRSF25": 0.0985696428562104,
    "TNFRSF14": 0.5737894119714313,
    "TNFRSF8": -0.3769485093280469,
    "ICOS": -0.2006698676238492,
    "CD226": 0.3870737510537694,
    "CD2": -1.0910596602732594,
    "CD40": -0.7403680505283674
   }
  },
  "suppression": {
   "WT_traj": {
    "Rest": 1.252336596264522,
    "Stim8hr": 2.649431697747742,
    "Stim48hr": 2.8099911739913015
   },
   "k_on_perhr": 0.28403400633141407,
   "amp": 1.5576545777267794,
   "arm_effect": {
    "CD28": -0.42080185465170894,
    "CD27": 0.3170913313217292,
    "TNFRSF9": -0.21602036837459382,
    "TNFRSF4": -0.5005782478409491,
    "TNFRSF18": -0.9337243134238344,
    "TNFRSF25": -0.25969369774090545,
    "TNFRSF14": 0.030481281650341696,
    "TNFRSF8": 0.24646653016712827,
    "ICOS": 0.4515136561849258,
    "CD226": 0.3722163592155314,
    "CD2": -0.17098082798250802,
    "CD40": -0.11805280442080512
   }
  },
  "effector": {
   "WT_traj": {
    "Rest": 3.168028060696938,
    "Stim8hr": 4.752948816923777,
    "Stim48hr": 4.227684855469721
   },
   "k_on_perhr": 0.863469409872767,
   "amp": 1.0596567947727826,
   "arm_effect": {
    "CD28": -0.1428851514740579,
    "CD27": 0.5063074649706598,
    "TNFRSF9": -0.4031889724538704,
    "TNFRSF4": -0.4285696676801045,
    "TNFRSF18": -0.46069548262998916,
    "TNFRSF25": -0.169986102203886,
    "TNFRSF14": 0.4848620347121413,
    "TNFRSF8": 0.21907540188028918,
    "ICOS": 0.46149338555653685,
    "CD226": 0.6976289101410691,
    "CD2": -0.29570800961307464,
    "CD40": 0.15282468902883029
   }
  }
 },
 "timepoints": {
  "Rest": 0.0,
  "Stim8hr": 8.0,
  "Stim48hr": 48.0
 },
 "genes_missing": {
  "proliferation": [],
  "exhaustion": [],
  "cyto_IL6": [],
  "cyto_IFNG": [],
  "cyto_TNF": [],
  "cyto_IL2": [],
  "suppression": [],
  "effector": []
 }
}