{
 "adipose": 0.0,
 "bone": 33633217.99307959,
 "brain": 0.0,
 "heart": 0.0,
 "kidney": 0.0,
 "large_int": 0.0,
 "liver": 0.0,
 "lung": 1083825.9815067456,
 "pancreas": 0.0,
 "skin": 0.0,
 "small_int": 84910.23774866569,
 "spleen": 290206.3879547278
}