{
  "il6_eng_scale_pgml_per_raw": 0.10677852891678402,
  "peak_raw": 5338.151834290764,
  "anchor_pgml": 570.0,
  "anchor_condition": "mosunetuzumab 1mg C1D1 IV",
  "run_s": 108.47871327400208
}